{"v":"5.6.5","fr":30,"ip":0,"op":30,"w":500,"h":500,"nm":"火 2","ddd":0,"assets":[],"layers":[{"ddd":0,"ind":1,"ty":4,"nm":"O 15","sr":1,"ks":{"o":{"a":0,"k":100,"ix":11},"r":{"a":0,"k":0,"ix":10},"p":{"a":0,"k":[250,460.522,0],"ix":2},"a":{"a":0,"k":[0,212.707,0],"ix":1},"s":{"a":0,"k":[100,100,100],"ix":6}},"ao":0,"shapes":[{"ty":"gr","it":[{"ind":0,"ty":"sh","ix":1,"ks":{"a":0,"k":{"i":[[5.176,4.958],[-0.793,-11.021]],"o":[[10.615,-0.082],[-5.265,-5.044]],"v":[[69.704,-27.795],[84.434,-13.684]],"c":true},"ix":2},"nm":"路径 1","mn":"ADBE Vector Shape - Group","hd":false},{"ty":"fl","c":{"a":0,"k":[1,0.117843031883,0.06541121006,1],"ix":4},"o":{"a":0,"k":100,"ix":5},"r":1,"bm":0,"nm":"填充 1","mn":"ADBE Vector Graphic - Fill","hd":false},{"ty":"tr","p":{"a":0,"k":[0,0],"ix":2},"a":{"a":0,"k":[0,0],"ix":1},"s":{"a":0,"k":[100,100],"ix":3},"r":{"a":0,"k":0,"ix":6},"o":{"a":0,"k":100,"ix":7},"sk":{"a":0,"k":0,"ix":4},"sa":{"a":0,"k":0,"ix":5},"nm":"变换"}],"nm":"组 1","np":2,"cix":2,"bm":0,"ix":1,"mn":"ADBE Vector Group","hd":false},{"ty":"gr","it":[{"ind":0,"ty":"sh","ix":1,"ks":{"a":0,"k":{"i":[[-4.928,-8.475],[3.663,0],[1.848,3.369]],"o":[[-3.49,0],[-1.75,-3.19],[6.572,-1.24]],"v":[[31.335,-145.005],[20.855,-145.005],[15.404,-154.94]],"c":true},"ix":2},"nm":"路径 1","mn":"ADBE Vector Shape - Group","hd":false},{"ty":"fl","c":{"a":0,"k":[1,0.117843031883,0.06541121006,1],"ix":4},"o":{"a":0,"k":100,"ix":5},"r":1,"bm":0,"nm":"填充 1","mn":"ADBE Vector Graphic - Fill","hd":false},{"ty":"tr","p":{"a":0,"k":[0,0],"ix":2},"a":{"a":0,"k":[0,0],"ix":1},"s":{"a":0,"k":[100,100],"ix":3},"r":{"a":0,"k":0,"ix":6},"o":{"a":0,"k":100,"ix":7},"sk":{"a":0,"k":0,"ix":4},"sa":{"a":0,"k":0,"ix":5},"nm":"变换"}],"nm":"组 2","np":2,"cix":2,"bm":0,"ix":2,"mn":"ADBE Vector Group","hd":false},{"ty":"gr","it":[{"ind":0,"ty":"sh","ix":1,"ks":{"a":0,"k":{"i":[[-1.43,3.459],[-2.056,-0.196],[-0.904,1.936],[-18.531,4.701],[1.395,18.165],[6.418,0.907],[3.344,0.717],[-1.666,12.088],[-12.6,10.643],[-14.393,2.776],[-4.922,-0.71],[1.905,-1.279],[5.453,-11.005],[-10.398,-3.025],[-2.776,-0.877],[-2.905,-8.078],[-1.139,-2.962],[-7.245,0.712],[-5.954,0.645],[4.708,-6.215],[4.769,-4.963],[5.353,-5.537],[-24.048,-11.49],[-5.881,0.587],[-4.141,8.297],[-5.147,-10.921],[1.903,-7.939],[26.766,-9.028],[23.959,3.373],[13.033,25.125],[1.036,16.412],[-2.037,8.179]],"o":[[1.953,1.533],[1.431,0.136],[8.059,-17.262],[17.659,-4.48],[-0.449,-5.851],[-3.4,-0.481],[-17.963,-3.852],[2.369,-17.196],[11.068,-9.349],[4.515,-0.871],[-1.874,1.326],[-10.455,7.02],[-4.803,9.694],[2.797,0.814],[8.091,2.558],[1.074,2.987],[2.436,6.334],[5.757,-0.566],[1.958,7.629],[-4.15,5.479],[-5.335,5.553],[-18.498,19.133],[5.465,2.611],[7.876,-0.786],[10.414,6.593],[3.719,7.89],[-6.602,27.544],[-23.566,7.948],[-28.353,-3.991],[-7.677,-14.799],[-0.512,-8.117],[0.949,-3.81]],"v":[[-90.189,81.93],[-84.344,86.156],[-79.678,81.612],[-39.894,49.225],[-11.764,8.661],[-21.439,-0.915],[-31.658,-2.204],[-51.608,-33.456],[-26.494,-73.626],[11.485,-92.617],[25.594,-92.836],[19.968,-88.864],[-2.954,-60.89],[5.635,-42.32],[14.047,-39.953],[30.746,-24.191],[34.03,-15.254],[47.894,-5.758],[65.352,-7.637],[61.316,13.389],[47.738,28.962],[31.175,45.083],[42.979,109.177],[60.028,111.987],[74.286,101.067],[97.309,127.72],[97.337,152.013],[46.657,206.294],[-24.983,210.404],[-86.064,164.519],[-99.428,117.475],[-94.557,92.75]],"c":true},"ix":2},"nm":"路径 1","mn":"ADBE Vector Shape - Group","hd":false},{"ty":"fl","c":{"a":0,"k":[1,0.117843031883,0.06541121006,1],"ix":4},"o":{"a":0,"k":100,"ix":5},"r":1,"bm":0,"nm":"填充 1","mn":"ADBE Vector Graphic - Fill","hd":false},{"ty":"tr","p":{"a":0,"k":[0,0],"ix":2},"a":{"a":0,"k":[0,0],"ix":1},"s":{"a":0,"k":[100,100],"ix":3},"r":{"a":0,"k":0,"ix":6},"o":{"a":0,"k":100,"ix":7},"sk":{"a":0,"k":0,"ix":4},"sa":{"a":0,"k":0,"ix":5},"nm":"变换"}],"nm":"组 3","np":2,"cix":2,"bm":0,"ix":3,"mn":"ADBE Vector Group","hd":false}],"ip":28,"op":30,"st":28,"bm":0},{"ddd":0,"ind":2,"ty":4,"nm":"O 14","sr":1,"ks":{"o":{"a":0,"k":100,"ix":11},"r":{"a":0,"k":0,"ix":10},"p":{"a":0,"k":[250,460.522,0],"ix":2},"a":{"a":0,"k":[0,212.707,0],"ix":1},"s":{"a":0,"k":[100,100,100],"ix":6}},"ao":0,"shapes":[{"ty":"gr","it":[{"ind":0,"ty":"sh","ix":1,"ks":{"a":0,"k":{"i":[[0.71,9.436],[-3.323,-13.155],[6.965,-3.179]],"o":[[11.017,7.366],[-5.929,-3.644],[-0.651,-8.662]],"v":[[19.311,-157.911],[39.101,-127.025],[21.319,-131.209]],"c":true},"ix":2},"nm":"路径 1","mn":"ADBE Vector Shape - Group","hd":false},{"ty":"fl","c":{"a":0,"k":[1,0.117843031883,0.06541121006,1],"ix":4},"o":{"a":0,"k":100,"ix":5},"r":1,"bm":0,"nm":"填充 1","mn":"ADBE Vector Graphic - Fill","hd":false},{"ty":"tr","p":{"a":0,"k":[0,0],"ix":2},"a":{"a":0,"k":[0,0],"ix":1},"s":{"a":0,"k":[100,100],"ix":3},"r":{"a":0,"k":0,"ix":6},"o":{"a":0,"k":100,"ix":7},"sk":{"a":0,"k":0,"ix":4},"sa":{"a":0,"k":0,"ix":5},"nm":"变换"}],"nm":"组 1","np":2,"cix":2,"bm":0,"ix":1,"mn":"ADBE Vector Group","hd":false},{"ty":"gr","it":[{"ind":0,"ty":"sh","ix":1,"ks":{"a":0,"k":{"i":[[4.483,0],[9.99,4.159],[-0.851,-17.711],[3.897,0.825]],"o":[[-1.441,-7.942],[21.73,-3.174],[-3.614,-1.536],[-3.729,-0.789]],"v":[[77.316,-14.823],[64.064,-35.505],[100.675,-10.112],[89.555,-14.653]],"c":true},"ix":2},"nm":"路径 1","mn":"ADBE Vector Shape - Group","hd":false},{"ty":"fl","c":{"a":0,"k":[1,0.117843031883,0.06541121006,1],"ix":4},"o":{"a":0,"k":100,"ix":5},"r":1,"bm":0,"nm":"填充 1","mn":"ADBE Vector Graphic - Fill","hd":false},{"ty":"tr","p":{"a":0,"k":[0,0],"ix":2},"a":{"a":0,"k":[0,0],"ix":1},"s":{"a":0,"k":[100,100],"ix":3},"r":{"a":0,"k":0,"ix":6},"o":{"a":0,"k":100,"ix":7},"sk":{"a":0,"k":0,"ix":4},"sa":{"a":0,"k":0,"ix":5},"nm":"变换"}],"nm":"组 2","np":2,"cix":2,"bm":0,"ix":2,"mn":"ADBE Vector Group","hd":false},{"ty":"gr","it":[{"ind":0,"ty":"sh","ix":1,"ks":{"a":0,"k":{"i":[[-8.61,15.77],[-0.451,-9.999],[-7.584,3.115],[-9.104,25.954],[8.463,7.812],[10.045,2.567],[6.248,-2.554],[-17.174,9.245],[-6.779,-0.173],[-20.635,1.994],[1.265,-1.29],[-1.298,-6.726],[-9.928,-7.457],[-14.209,-1.005],[-1.269,-2.082],[-2.555,-1.301],[-1.152,-1.719],[1.387,-0.045],[0.567,-9.198],[6.722,-6.62],[2.946,-2.68],[-2.672,-11.55],[-3.133,-8.096],[-7.372,-3.141],[-6.125,-1.53],[-4.023,8.338],[-1.464,-1.658],[-3.368,-14.212],[14.344,-7.267],[20.112,-4.232],[27.238,11.418],[-3.625,39.434]],"o":[[5.043,2.929],[7.956,2.602],[24.944,-10.247],[3.652,-10.411],[-7.518,-6.94],[-6.747,-1.724],[-10.266,-16.315],[1.955,6.083],[8.15,-16.727],[-2.527,2.036],[-4.534,4.622],[2.472,12.814],[11.357,8.53],[0,2.806],[1.279,2.099],[1.312,0.668],[-1.385,0.121],[-8.863,0.286],[-0.586,9.493],[-2.84,2.797],[-8.797,8.002],[1.958,8.465],[2.855,7.379],[5.822,2.481],[7.757,1.938],[1.74,1.712],[9.64,10.917],[3.747,15.813],[-18.206,9.224],[-28.351,5.965],[-33.507,-14.046],[1.605,-17.464]],"v":[[-87.402,71.099],[-81.908,84.027],[-58.159,82.99],[-5.718,29.75],[-11.96,2.146],[-37.86,-12.703],[-57.211,-10.863],[-43.426,-61.65],[-34.693,-55.394],[7.285,-84.218],[1.948,-79.878],[-3.236,-63.289],[16.681,-33.631],[55.004,-18.425],[55.282,-10.077],[62.63,-5.924],[66.451,-2.958],[62.297,-2.605],[51.867,7.58],[40.998,31.632],[32.493,40.039],[22.787,69.455],[30.352,94.436],[46.141,110.515],[64.078,116.805],[77.936,108.973],[82.823,113.81],[102.783,151.347],[86.507,187.273],[29.46,208.728],[-54.092,203.338],[-103.475,120.219]],"c":true},"ix":2},"nm":"路径 1","mn":"ADBE Vector Shape - Group","hd":false},{"ty":"fl","c":{"a":0,"k":[1,0.117843031883,0.06541121006,1],"ix":4},"o":{"a":0,"k":100,"ix":5},"r":1,"bm":0,"nm":"填充 1","mn":"ADBE Vector Graphic - Fill","hd":false},{"ty":"tr","p":{"a":0,"k":[0,0],"ix":2},"a":{"a":0,"k":[0,0],"ix":1},"s":{"a":0,"k":[100,100],"ix":3},"r":{"a":0,"k":0,"ix":6},"o":{"a":0,"k":100,"ix":7},"sk":{"a":0,"k":0,"ix":4},"sa":{"a":0,"k":0,"ix":5},"nm":"变换"}],"nm":"组 3","np":2,"cix":2,"bm":0,"ix":3,"mn":"ADBE Vector Group","hd":false}],"ip":26,"op":28,"st":26,"bm":0},{"ddd":0,"ind":3,"ty":4,"nm":"O 13","sr":1,"ks":{"o":{"a":0,"k":100,"ix":11},"r":{"a":0,"k":0,"ix":10},"p":{"a":0,"k":[250,460.522,0],"ix":2},"a":{"a":0,"k":[0,212.707,0],"ix":1},"s":{"a":0,"k":[100,100,100],"ix":6}},"ao":0,"shapes":[{"ty":"gr","it":[{"ind":0,"ty":"sh","ix":1,"ks":{"a":0,"k":{"i":[[7.95,-16.796],[7.716,-0.447],[6.454,11.527]],"o":[[-6.871,0.398],[5.367,-13.391],[14.302,-3.77]],"v":[[34.68,-113.305],[13.409,-112.072],[10.2,-149.027]],"c":true},"ix":2},"nm":"路径 1","mn":"ADBE Vector Shape - Group","hd":false},{"ty":"fl","c":{"a":0,"k":[1,0.117843031883,0.06541121006,1],"ix":4},"o":{"a":0,"k":100,"ix":5},"r":1,"bm":0,"nm":"填充 1","mn":"ADBE Vector Graphic - Fill","hd":false},{"ty":"tr","p":{"a":0,"k":[0,0],"ix":2},"a":{"a":0,"k":[0,0],"ix":1},"s":{"a":0,"k":[100,100],"ix":3},"r":{"a":0,"k":0,"ix":6},"o":{"a":0,"k":100,"ix":7},"sk":{"a":0,"k":0,"ix":4},"sa":{"a":0,"k":0,"ix":5},"nm":"变换"}],"nm":"组 1","np":2,"cix":2,"bm":0,"ix":1,"mn":"ADBE Vector Group","hd":false},{"ty":"gr","it":[{"ind":0,"ty":"sh","ix":1,"ks":{"a":0,"k":{"i":[[-3.485,11.554],[-5.762,8.442],[-2.51,7.169],[-6.812,3.456],[-8.683,4.515],[-4.353,3.742],[0.149,2.772],[5.209,6.09],[10.07,3.622],[5.712,-5.543],[-12.963,10.628],[-2.235,-0.675],[-2.098,3.442],[-1.613,3.031],[-13.087,0.493],[-4.117,0],[0.936,-1.722],[2.036,-5.904],[-9.704,-4.809],[-6.68,-0.77],[-6.531,-8.046],[-4.553,-0.244],[2.283,6.273],[2.158,4.167],[-7.243,-2.383],[-2.179,-7.807],[4.219,-9.742],[-0.079,1.664],[6.458,0.642],[6.37,-4.428],[0.101,-1.254],[11.062,-7.849],[-2.359,-13.888],[-12.799,-10.231],[-3.076,-1.444],[-9.171,13.592],[-0.499,-7.196],[18.326,-15.328],[21.592,-3.26],[13.659,3.049],[7.017,5.389],[2.423,33.626]],"o":[[7.54,8.636],[4.266,-6.251],[2.659,-7.594],[8.73,-4.429],[5.118,-2.661],[2.089,-1.796],[-0.416,-7.744],[-7.085,-8.283],[-7.846,-2.822],[-11.331,-14.261],[1.781,2.206],[3.799,1.148],[1.789,-2.936],[6.415,-12.056],[3.182,-0.12],[-1.398,2.13],[-3.02,5.553],[-3.52,10.206],[6.057,3.002],[10.439,1.203],[2.739,3.374],[6.707,0.36],[-1.587,-4.361],[6.776,-2.316],[7.559,2.487],[2.978,10.669],[-0.193,-3.072],[0.31,-6.559],[-6.641,-0.661],[-0.151,0.812],[-1.102,13.664],[-10.93,7.755],[2.633,15.501],[2.677,2.14],[14.687,6.893],[3.611,6.919],[1.689,24.381],[-16.852,14.095],[-13.751,2.076],[-8.67,-1.935],[-26.011,-19.978],[-0.79,-10.968]],"v":[[-93.886,87.648],[-75.289,88.118],[-65.226,67.558],[-50.98,51.33],[-24.505,38.606],[-10.017,29.078],[-6.511,20.74],[-14.353,-0.523],[-40.703,-17.674],[-60.954,-11.995],[-57.211,-60.113],[-51.797,-53.789],[-42.67,-58.654],[-37.369,-67.502],[-7.333,-84.949],[3.157,-84.967],[-0.378,-79.535],[-9.112,-62.732],[0.362,-39.465],[19.901,-33.4],[45.045,-19.953],[55.892,-14.038],[63.199,-23.287],[56.847,-35.806],[78.201,-36.095],[92.632,-20.538],[91.312,13.939],[90.937,7.524],[82.664,-2.525],[62.98,1.018],[62.383,4.318],[43.439,35.901],[28.882,68.034],[49.639,107.984],[58.198,113.716],[92.503,105.771],[97.418,127.157],[71.088,186.602],[12.543,211.199],[-28.566,210.352],[-52.244,199.569],[-97.319,120.696]],"c":true},"ix":2},"nm":"路径 1","mn":"ADBE Vector Shape - Group","hd":false},{"ty":"fl","c":{"a":0,"k":[1,0.117843031883,0.06541121006,1],"ix":4},"o":{"a":0,"k":100,"ix":5},"r":1,"bm":0,"nm":"填充 1","mn":"ADBE Vector Graphic - Fill","hd":false},{"ty":"tr","p":{"a":0,"k":[0,0],"ix":2},"a":{"a":0,"k":[0,0],"ix":1},"s":{"a":0,"k":[100,100],"ix":3},"r":{"a":0,"k":0,"ix":6},"o":{"a":0,"k":100,"ix":7},"sk":{"a":0,"k":0,"ix":4},"sa":{"a":0,"k":0,"ix":5},"nm":"变换"}],"nm":"组 2","np":2,"cix":2,"bm":0,"ix":2,"mn":"ADBE Vector Group","hd":false}],"ip":24,"op":26,"st":24,"bm":0},{"ddd":0,"ind":4,"ty":4,"nm":"O 12","sr":1,"ks":{"o":{"a":0,"k":100,"ix":11},"r":{"a":0,"k":0,"ix":10},"p":{"a":0,"k":[250,460.522,0],"ix":2},"a":{"a":0,"k":[0,212.707,0],"ix":1},"s":{"a":0,"k":[100,100,100],"ix":6}},"ao":0,"shapes":[{"ty":"gr","it":[{"ind":0,"ty":"sh","ix":1,"ks":{"a":0,"k":{"i":[[-1.961,-2.233],[6.508,-1.615],[-3.016,4.621],[-2.372,-2.832]],"o":[[-4.037,3.862],[-2.872,-6.361],[1.933,-2.961],[1.529,1.826]],"v":[[-5.575,-200.229],[-20.1,-190.272],[-17.771,-206.269],[-10.672,-206.048]],"c":true},"ix":2},"nm":"路径 1","mn":"ADBE Vector Shape - Group","hd":false},{"ty":"fl","c":{"a":0,"k":[1,0.117843031883,0.06541121006,1],"ix":4},"o":{"a":0,"k":100,"ix":5},"r":1,"bm":0,"nm":"填充 1","mn":"ADBE Vector Graphic - Fill","hd":false},{"ty":"tr","p":{"a":0,"k":[0,0],"ix":2},"a":{"a":0,"k":[0,0],"ix":1},"s":{"a":0,"k":[100,100],"ix":3},"r":{"a":0,"k":0,"ix":6},"o":{"a":0,"k":100,"ix":7},"sk":{"a":0,"k":0,"ix":4},"sa":{"a":0,"k":0,"ix":5},"nm":"变换"}],"nm":"组 1","np":2,"cix":2,"bm":0,"ix":1,"mn":"ADBE Vector Group","hd":false},{"ty":"gr","it":[{"ind":0,"ty":"sh","ix":1,"ks":{"a":0,"k":{"i":[[1.048,7.805],[1.501,-22.297],[8.825,-5.796],[0.07,7.203]],"o":[[15.903,5.015],[-8.146,-5.458],[0.852,-7.323],[-0.071,-7.265]],"v":[[12.102,-140.858],[37.918,-94.121],[12.569,-96.795],[14.9,-118.54]],"c":true},"ix":2},"nm":"路径 1","mn":"ADBE Vector Shape - Group","hd":false},{"ty":"fl","c":{"a":0,"k":[1,0.117843031883,0.06541121006,1],"ix":4},"o":{"a":0,"k":100,"ix":5},"r":1,"bm":0,"nm":"填充 1","mn":"ADBE Vector Graphic - Fill","hd":false},{"ty":"tr","p":{"a":0,"k":[0,0],"ix":2},"a":{"a":0,"k":[0,0],"ix":1},"s":{"a":0,"k":[100,100],"ix":3},"r":{"a":0,"k":0,"ix":6},"o":{"a":0,"k":100,"ix":7},"sk":{"a":0,"k":0,"ix":4},"sa":{"a":0,"k":0,"ix":5},"nm":"变换"}],"nm":"组 2","np":2,"cix":2,"bm":0,"ix":2,"mn":"ADBE Vector Group","hd":false},{"ty":"gr","it":[{"ind":0,"ty":"sh","ix":1,"ks":{"a":0,"k":{"i":[[-2.016,13.823],[-1.289,-1.276],[-1.956,2.982],[-0.565,1.194],[-18.746,6.551],[-7.456,5.799],[1.795,11.614],[14.785,3.714],[5.273,2.406],[3.031,-8.546],[-11.752,14.09],[-4.196,3.86],[-3.097,4.514],[-12.926,-0.751],[1.036,-5.14],[-4.009,-6.063],[-14.015,-4.068],[-1.8,0.012],[-4.616,-6.791],[-3.54,4.257],[1.454,5.47],[0.8,2.009],[-5.663,-12.871],[8.441,-8.257],[6.741,5.357],[1.96,-6.225],[0.906,-2.757],[9.756,-1.381],[-0.288,-11.701],[-7.297,-4.525],[-4.894,-2.641],[-0.909,-6.249],[-1.148,-1.736],[-5.066,8.737],[-0.24,-1.877],[2.945,-14.233],[10.327,-5.705],[12.637,-1.13],[14.519,0.7],[10.835,46.693]],"o":[[1.87,2.721],[2.55,2.526],[0.715,-1.09],[8.476,-17.916],[8.765,-3.063],[9.004,-7.002],[-2.04,-13.205],[-5.61,-1.409],[-8.612,-3.928],[-12.078,-9.74],[5.343,3.62],[4.087,-3.76],[7.921,-11.546],[-1.265,5.656],[-1.437,7.135],[7.845,11.866],[1.775,0.515],[7.603,-0.05],[3.048,4.483],[3.674,-4.417],[-0.521,-1.96],[11.916,-0.787],[6.951,15.797],[-0.533,-9.072],[-5.325,4.944],[-0.873,2.771],[-3.06,9.309],[-16.614,2.352],[0.21,8.536],[4.716,2.925],[5.077,2.74],[0.292,2.009],[4.946,7.482],[0.641,2.59],[1.824,14.268],[-2.419,11.691],[-11.377,6.285],[-14.51,1.298],[-44.374,-2.141],[-2.794,-12.039]],"v":[[-97.309,101.911],[-93.305,107.632],[-85.227,106.718],[-83.596,103.112],[-42.887,66.221],[-18.061,54.105],[-5.365,26.701],[-27.317,-1.435],[-43.7,-7.379],[-58.417,-1.778],[-59.964,-54.961],[-49.986,-55.049],[-38.373,-66.98],[-6.421,-80.29],[-9.955,-64.394],[-5.52,-44.891],[26.023,-19.58],[31.426,-18.368],[49.838,-9.593],[62.033,-9.994],[65.185,-24.94],[62.911,-30.754],[94.428,-8.843],[91.918,36.537],[79.487,16.176],[70.572,33.781],[68.489,42.263],[49.475,59.462],[33.134,81.534],[44.305,101.478],[58.997,109.374],[69.064,121.828],[71.6,127.592],[86.747,126.129],[88.274,132.423],[79.937,174.695],[60.339,200.366],[23.831,210.4],[-11.878,212.474],[-97.119,139.888]],"c":true},"ix":2},"nm":"路径 1","mn":"ADBE Vector Shape - Group","hd":false},{"ty":"fl","c":{"a":0,"k":[1,0.117843031883,0.06541121006,1],"ix":4},"o":{"a":0,"k":100,"ix":5},"r":1,"bm":0,"nm":"填充 1","mn":"ADBE Vector Graphic - Fill","hd":false},{"ty":"tr","p":{"a":0,"k":[0,0],"ix":2},"a":{"a":0,"k":[0,0],"ix":1},"s":{"a":0,"k":[100,100],"ix":3},"r":{"a":0,"k":0,"ix":6},"o":{"a":0,"k":100,"ix":7},"sk":{"a":0,"k":0,"ix":4},"sa":{"a":0,"k":0,"ix":5},"nm":"变换"}],"nm":"组 3","np":2,"cix":2,"bm":0,"ix":3,"mn":"ADBE Vector Group","hd":false}],"ip":22,"op":24,"st":22,"bm":0},{"ddd":0,"ind":5,"ty":4,"nm":"O 11","sr":1,"ks":{"o":{"a":0,"k":100,"ix":11},"r":{"a":0,"k":0,"ix":10},"p":{"a":0,"k":[250,460.522,0],"ix":2},"a":{"a":0,"k":[0,212.707,0],"ix":1},"s":{"a":0,"k":[100,100,100],"ix":6}},"ao":0,"shapes":[{"ty":"gr","it":[{"ind":0,"ty":"sh","ix":1,"ks":{"a":0,"k":{"i":[[1.294,-9.371],[4.435,2.716]],"o":[[-4.871,-2.983],[11.027,-3.123]],"v":[[-93.636,-82.034],[-106.964,-90.196]],"c":true},"ix":2},"nm":"路径 1","mn":"ADBE Vector Shape - Group","hd":false},{"ty":"fl","c":{"a":0,"k":[1,0.117843031883,0.06541121006,1],"ix":4},"o":{"a":0,"k":100,"ix":5},"r":1,"bm":0,"nm":"填充 1","mn":"ADBE Vector Graphic - Fill","hd":false},{"ty":"tr","p":{"a":0,"k":[0,0],"ix":2},"a":{"a":0,"k":[0,0],"ix":1},"s":{"a":0,"k":[100,100],"ix":3},"r":{"a":0,"k":0,"ix":6},"o":{"a":0,"k":100,"ix":7},"sk":{"a":0,"k":0,"ix":4},"sa":{"a":0,"k":0,"ix":5},"nm":"变换"}],"nm":"组 1","np":2,"cix":2,"bm":0,"ix":1,"mn":"ADBE Vector Group","hd":false},{"ty":"gr","it":[{"ind":0,"ty":"sh","ix":1,"ks":{"a":0,"k":{"i":[[-6.675,-1.894],[2.475,-5.14],[1.101,0.392],[0.273,1.292],[-1.418,1.146]],"o":[[-7.781,1.296],[-1.404,0.145],[-1.793,-0.638],[-0.405,-1.919],[4.788,-3.869]],"v":[[-4.468,-191.629],[-14.407,-178.142],[-18.352,-177.828],[-23.115,-180.78],[-21.401,-186.977]],"c":true},"ix":2},"nm":"路径 1","mn":"ADBE Vector Shape - Group","hd":false},{"ty":"fl","c":{"a":0,"k":[1,0.117843031883,0.06541121006,1],"ix":4},"o":{"a":0,"k":100,"ix":5},"r":1,"bm":0,"nm":"填充 1","mn":"ADBE Vector Graphic - Fill","hd":false},{"ty":"tr","p":{"a":0,"k":[0,0],"ix":2},"a":{"a":0,"k":[0,0],"ix":1},"s":{"a":0,"k":[100,100],"ix":3},"r":{"a":0,"k":0,"ix":6},"o":{"a":0,"k":100,"ix":7},"sk":{"a":0,"k":0,"ix":4},"sa":{"a":0,"k":0,"ix":5},"nm":"变换"}],"nm":"组 2","np":2,"cix":2,"bm":0,"ix":2,"mn":"ADBE Vector Group","hd":false},{"ty":"gr","it":[{"ind":0,"ty":"sh","ix":1,"ks":{"a":0,"k":{"i":[[-2.437,16.919],[-1.086,9.446],[-9.003,7.871],[-10.462,8.125],[-3.345,3.372],[6.818,13.719],[9.892,5.825],[0.238,0.11],[4.802,-13.002],[1.846,9.876],[-9.231,8.037],[-8.241,8.236],[-5.22,5.655],[-10.248,3.819],[-4.272,3.026],[7.651,11.98],[1.377,1.855],[7.639,-25.847],[3.202,0.646],[5.426,-5.231],[-2.105,-16.452],[-14.471,-4.247],[-12.312,1.53],[-2.183,3.732],[4.913,5.068],[-2.38,-1.093],[-3.699,-7.814],[-1.666,-13.099],[4.489,-6.547],[0.659,2.252],[4.905,0.517],[1.562,-4.956],[2.369,-15.022],[-8.949,-13.39],[-3.259,-11.466],[20.598,-9.59],[21.521,-1.189],[13.828,5.327],[7.687,14.444],[1.26,2.019]],"o":[[9.736,1.143],[1.49,-12.957],[9.953,-8.701],[3.765,-2.924],[10.846,-10.933],[-5.05,-10.161],[-0.228,-0.135],[-7.79,-3.606],[-9.483,-4.098],[-2.195,-11.74],[8.119,8.48],[5.44,-5.437],[7.284,-7.89],[4.906,-1.828],[11.562,-8.189],[-1.087,-1.701],[17.486,-0.54],[-3.117,-1.027],[-8.489,-1.712],[-11.616,11.199],[1.983,15.502],[12.251,3.596],[3.844,-0.478],[2.159,-3.691],[4.121,0.977],[8.115,3.727],[5.738,12.123],[0.867,6.814],[-0.761,-3.086],[-1.547,-5.286],[-5.228,-0.551],[-4.611,14.627],[-2.291,14.524],[6.432,9.625],[6.227,21.906],[-19.743,9.192],[-14.643,0.809],[-15.203,-5.857],[-1.118,-2.101],[-9.08,-14.545]],"v":[[-87.094,122.595],[-71.524,111.589],[-53.584,81.642],[-22.197,57.285],[-11.247,48.084],[-4.85,10.174],[-27.283,-14.02],[-27.954,-14.447],[-49.41,-7.455],[-66.356,-28.534],[-56.18,-58.461],[-37.471,-58.098],[-21.692,-74.95],[4.037,-93.108],[18.016,-100.493],[23.955,-132.481],[20.182,-137.596],[46.344,-95.26],[36.967,-98.284],[16.214,-90.344],[0.721,-48.714],[26.908,-20.07],[64.056,-18.937],[74.418,-27.548],[71.237,-41.397],[80.522,-39.114],[97.53,-20.85],[106.773,17.565],[101.038,37.516],[99.137,29.873],[89.153,20.966],[79.141,26.776],[66.435,70.944],[74.003,113.811],[90.015,144.737],[66.025,198.589],[3.626,212.515],[-39.314,206.317],[-73.797,176.001],[-77.375,169.82]],"c":true},"ix":2},"nm":"路径 1","mn":"ADBE Vector Shape - Group","hd":false},{"ty":"fl","c":{"a":0,"k":[1,0.117843031883,0.06541121006,1],"ix":4},"o":{"a":0,"k":100,"ix":5},"r":1,"bm":0,"nm":"填充 1","mn":"ADBE Vector Graphic - Fill","hd":false},{"ty":"tr","p":{"a":0,"k":[0,0],"ix":2},"a":{"a":0,"k":[0,0],"ix":1},"s":{"a":0,"k":[100,100],"ix":3},"r":{"a":0,"k":0,"ix":6},"o":{"a":0,"k":100,"ix":7},"sk":{"a":0,"k":0,"ix":4},"sa":{"a":0,"k":0,"ix":5},"nm":"变换"}],"nm":"组 3","np":2,"cix":2,"bm":0,"ix":3,"mn":"ADBE Vector Group","hd":false}],"ip":20,"op":22,"st":20,"bm":0},{"ddd":0,"ind":6,"ty":4,"nm":"O 10","sr":1,"ks":{"o":{"a":0,"k":100,"ix":11},"r":{"a":0,"k":0,"ix":10},"p":{"a":0,"k":[250,460.522,0],"ix":2},"a":{"a":0,"k":[0,212.707,0],"ix":1},"s":{"a":0,"k":[100,100,100],"ix":6}},"ao":0,"shapes":[{"ty":"gr","it":[{"ind":0,"ty":"sh","ix":1,"ks":{"a":0,"k":{"i":[[0.3,-1.518],[7.796,0.36],[-4.723,0.099],[0.12,-6.024]],"o":[[-4.821,-8.278],[4.65,-3.444],[6.005,-0.126],[-0.03,1.523]],"v":[[-89.804,-29.701],[-109.915,-36.256],[-96.926,-42.019],[-88.946,-34.256]],"c":true},"ix":2},"nm":"路径 1","mn":"ADBE Vector Shape - Group","hd":false},{"ty":"fl","c":{"a":0,"k":[1,0.117843031883,0.06541121006,1],"ix":4},"o":{"a":0,"k":100,"ix":5},"r":1,"bm":0,"nm":"填充 1","mn":"ADBE Vector Graphic - Fill","hd":false},{"ty":"tr","p":{"a":0,"k":[0,0],"ix":2},"a":{"a":0,"k":[0,0],"ix":1},"s":{"a":0,"k":[100,100],"ix":3},"r":{"a":0,"k":0,"ix":6},"o":{"a":0,"k":100,"ix":7},"sk":{"a":0,"k":0,"ix":4},"sa":{"a":0,"k":0,"ix":5},"nm":"变换"}],"nm":"组 1","np":2,"cix":2,"bm":0,"ix":1,"mn":"ADBE Vector Group","hd":false},{"ty":"gr","it":[{"ind":0,"ty":"sh","ix":1,"ks":{"a":0,"k":{"i":[[-9.332,-0.018],[-0.059,-9.054],[3.206,0.191],[-1.085,4.573],[-1.552,1.653]],"o":[[-9.256,6.077],[-3.469,-0.612],[-4.724,-0.282],[0.517,-2.18],[6.035,-6.43]],"v":[[1.066,-173.862],[-9.562,-149.459],[-19.404,-151.124],[-25.266,-158.115],[-21.862,-164.173]],"c":true},"ix":2},"nm":"路径 1","mn":"ADBE Vector Shape - Group","hd":false},{"ty":"fl","c":{"a":0,"k":[1,0.117843031883,0.06541121006,1],"ix":4},"o":{"a":0,"k":100,"ix":5},"r":1,"bm":0,"nm":"填充 1","mn":"ADBE Vector Graphic - Fill","hd":false},{"ty":"tr","p":{"a":0,"k":[0,0],"ix":2},"a":{"a":0,"k":[0,0],"ix":1},"s":{"a":0,"k":[100,100],"ix":3},"r":{"a":0,"k":0,"ix":6},"o":{"a":0,"k":100,"ix":7},"sk":{"a":0,"k":0,"ix":4},"sa":{"a":0,"k":0,"ix":5},"nm":"变换"}],"nm":"组 2","np":2,"cix":2,"bm":0,"ix":2,"mn":"ADBE Vector Group","hd":false},{"ty":"gr","it":[{"ind":0,"ty":"sh","ix":1,"ks":{"a":0,"k":{"i":[[11.467,-28.715],[7.972,1.807],[-4.858,-24.241],[-10.115,-4.44],[-1.554,-1.015],[19.994,-9.737],[11.664,-0.191],[19.986,1.943],[3.281,32.833],[-1.792,6.63],[-13.662,8.465],[-9.698,4.211],[9.625,20.853],[18.015,-11.781],[2.682,-2.017],[-10.473,11.65],[-13.612,12.382],[-7.968,13.83],[-1.58,5.56],[4.568,10.761],[8.076,-22.393],[9.079,-8.435],[1.249,-8.469],[-16.056,-6.574],[-11.318,15.768]],"o":[[-5.171,-6.099],[-18.424,-4.177],[2.002,9.989],[1.67,0.733],[27.539,17.993],[-10.724,5.222],[-20.136,0.329],[-32.16,-3.127],[7.162,-1.147],[4.452,-16.475],[8.944,-5.542],[20.359,-8.84],[-8.764,-18.988],[-2.868,1.876],[-18.78,-11.111],[18.879,8.184],[11.9,-10.825],[2.872,-4.986],[2.445,-8.602],[21.44,3.093],[-12.048,-1.603],[-6.219,5.778],[-2.514,17.053],[20.203,8.272],[28.722,14.887]],"v":[[106.037,95.299],[86.99,83.12],[60.971,112.324],[77.02,135.445],[85.633,139.05],[70.993,204.13],[37.278,212.359],[-23.129,211.335],[-82.333,150.942],[-70.639,138.078],[-40.277,102.773],[-11.765,88.877],[3.878,46.635],[-44.536,34.105],[-52.724,40.224],[-65.569,-13.704],[-18.185,-26.093],[10.723,-63.9],[17.222,-80.046],[13.721,-107.713],[45.473,-48.469],[13.485,-38.362],[2.119,-17.019],[26.774,26.006],[73.861,14.809]],"c":true},"ix":2},"nm":"路径 1","mn":"ADBE Vector Shape - Group","hd":false},{"ty":"fl","c":{"a":0,"k":[1,0.117843031883,0.06541121006,1],"ix":4},"o":{"a":0,"k":100,"ix":5},"r":1,"bm":0,"nm":"填充 1","mn":"ADBE Vector Graphic - Fill","hd":false},{"ty":"tr","p":{"a":0,"k":[0,0],"ix":2},"a":{"a":0,"k":[0,0],"ix":1},"s":{"a":0,"k":[100,100],"ix":3},"r":{"a":0,"k":0,"ix":6},"o":{"a":0,"k":100,"ix":7},"sk":{"a":0,"k":0,"ix":4},"sa":{"a":0,"k":0,"ix":5},"nm":"变换"}],"nm":"组 3","np":2,"cix":2,"bm":0,"ix":3,"mn":"ADBE Vector Group","hd":false}],"ip":18,"op":20,"st":18,"bm":0},{"ddd":0,"ind":7,"ty":4,"nm":"O 9","sr":1,"ks":{"o":{"a":0,"k":100,"ix":11},"r":{"a":0,"k":0,"ix":10},"p":{"a":0,"k":[250,460.522,0],"ix":2},"a":{"a":0,"k":[0,212.707,0],"ix":1},"s":{"a":0,"k":[100,100,100],"ix":6}},"ao":0,"shapes":[{"ty":"gr","it":[{"ind":0,"ty":"sh","ix":1,"ks":{"a":0,"k":{"i":[[-5.532,-7.427],[3.052,3.582],[1.953,3.447],[4.57,-5.205],[1.5,-2.115],[-0.289,1.993],[-11.527,-1.87],[-0.012,-6.834]],"o":[[-6.761,0.606],[-2.543,-2.984],[-3.473,-6.128],[-1.376,1.567],[0.225,-2.531],[2.286,-15.756],[5.429,0.881],[0.014,7.551]],"v":[[-76.609,-1.044],[-90.154,-7.04],[-96.495,-17.082],[-109.806,-18.759],[-113.757,-13.247],[-113.16,-19.794],[-90.05,-33.91],[-82.9,-23.276]],"c":true},"ix":2},"nm":"路径 1","mn":"ADBE Vector Shape - Group","hd":false},{"ty":"fl","c":{"a":0,"k":[1,0.117843031883,0.06541121006,1],"ix":4},"o":{"a":0,"k":100,"ix":5},"r":1,"bm":0,"nm":"填充 1","mn":"ADBE Vector Graphic - Fill","hd":false},{"ty":"tr","p":{"a":0,"k":[0,0],"ix":2},"a":{"a":0,"k":[0,0],"ix":1},"s":{"a":0,"k":[100,100],"ix":3},"r":{"a":0,"k":0,"ix":6},"o":{"a":0,"k":100,"ix":7},"sk":{"a":0,"k":0,"ix":4},"sa":{"a":0,"k":0,"ix":5},"nm":"变换"}],"nm":"组 1","np":2,"cix":2,"bm":0,"ix":1,"mn":"ADBE Vector Group","hd":false},{"ty":"gr","it":[{"ind":0,"ty":"sh","ix":1,"ks":{"a":0,"k":{"i":[[-0.846,-12.774],[7.747,-4.086],[-1.514,-1.784],[35.366,-8.972],[10.41,-1.591],[22.195,5.638],[3.593,0.86],[5.573,22.076],[-12.407,9.59],[-8.605,4.601],[-5.263,1.789],[-4.29,11.609],[6.345,4.96],[9.111,-1.418],[0.983,-8.466],[0.171,-1.533],[-9.292,18.494],[-6.421,5.747],[-5.283,5.237],[-11.389,3.043],[-2.988,8.656],[-0.71,8.051],[17.109,13.445],[2.524,0.588],[0.318,2.83],[-10.577,2.194],[-1.702,0],[-13.563,-13.234],[-8.382,-6.02],[6.198,-20.273],[2.589,-0.228],[7.054,-5.856],[0.913,-5.972],[-19.62,-7.314],[-6.77,0.217],[-3.651,7.391],[-4.798,-5.762],[-1.309,-10.327]],"o":[[-9.6,-6.447],[-12.199,13.962],[12.139,14.305],[-10.201,2.588],[-22.483,3.435],[-3.583,-0.91],[-23.239,-5.564],[-3.713,-14.707],[7.665,-5.925],[4.879,-2.609],[12.406,-4.216],[2.862,-7.744],[-7.239,-5.659],[-8.322,1.295],[-0.173,1.49],[-20.256,-5.361],[6.923,4.674],[5.535,-4.954],[8.223,-8.152],[9.219,-2.463],[2.668,-7.73],[1.906,-21.611],[-1.994,-1.567],[-3.189,-0.743],[-1.229,-10.929],[1.468,-0.304],[-9.52,16.519],[7.375,7.196],[12.205,8.765],[-2.407,0.245],[-9.354,0.824],[-4.672,3.878],[-3.174,20.761],[6.212,2.316],[6.005,-0.192],[7.572,1.054],[6.811,8.179],[1.429,11.275]],"v":[[106.647,103.044],[83.699,100.224],[89.361,132.88],[67.634,203.158],[45.831,210.521],[-21.332,207.895],[-31.987,204.796],[-73.526,161.274],[-66.586,113.791],[-41.42,98.855],[-25.95,92.604],[2.571,76.896],[-3.498,55.418],[-28.148,48.933],[-40.998,62.608],[-41.504,67.122],[-73.666,4.606],[-57.782,3.59],[-41.899,-12.082],[-13.039,-29.674],[4.978,-47.305],[11.149,-71.069],[-12.153,-123.914],[-19.385,-126.965],[-24.102,-132.567],[-4.295,-160.419],[0.46,-160.462],[6.242,-114.736],[30.178,-95.031],[48.385,-40.351],[40.806,-39.585],[16.473,-28.751],[8.562,-13.568],[38.605,39.366],[58.907,41.603],[74.168,28.315],[92.385,39.297],[104.143,67.567]],"c":true},"ix":2},"nm":"路径 1","mn":"ADBE Vector Shape - Group","hd":false},{"ty":"fl","c":{"a":0,"k":[1,0.117843031883,0.06541121006,1],"ix":4},"o":{"a":0,"k":100,"ix":5},"r":1,"bm":0,"nm":"填充 1","mn":"ADBE Vector Graphic - Fill","hd":false},{"ty":"tr","p":{"a":0,"k":[0,0],"ix":2},"a":{"a":0,"k":[0,0],"ix":1},"s":{"a":0,"k":[100,100],"ix":3},"r":{"a":0,"k":0,"ix":6},"o":{"a":0,"k":100,"ix":7},"sk":{"a":0,"k":0,"ix":4},"sa":{"a":0,"k":0,"ix":5},"nm":"变换"}],"nm":"组 2","np":2,"cix":2,"bm":0,"ix":2,"mn":"ADBE Vector Group","hd":false}],"ip":16,"op":18,"st":16,"bm":0},{"ddd":0,"ind":8,"ty":4,"nm":"O 8","sr":1,"ks":{"o":{"a":0,"k":100,"ix":11},"r":{"a":0,"k":0,"ix":10},"p":{"a":0,"k":[250,460.522,0],"ix":2},"a":{"a":0,"k":[0,212.707,0],"ix":1},"s":{"a":0,"k":[100,100,100],"ix":6}},"ao":0,"shapes":[{"ty":"gr","it":[{"ind":0,"ty":"sh","ix":1,"ks":{"a":0,"k":{"i":[[2.576,-2.741],[-18.22,8.348],[-2.22,-1.924],[-3.494,-1.62],[-0.339,-3.621],[-0.435,-4.742],[-4.763,-1.057],[-0.992,-0.372],[-2.245,-10.741],[-3.335,6.048],[-2.103,4.273],[-4.925,0.909],[-1.877,22.981],[5.262,13.669],[1.075,2.419],[7.147,1.816],[-9.71,11.219],[-4.841,3.641],[0.145,-0.282],[-6.866,-7.869],[-5.915,-6.075],[-7.554,-8.857],[0.558,-12.563],[4.196,-3.713],[6.17,-6.19],[3.11,-5.705],[-7.737,-7.179],[-14.739,2.891],[-5.237,2.912],[6.088,-20.985],[0.201,0.34],[5.606,-0.416],[3.969,-6.083],[-0.877,-6.395],[-0.856,-3.057],[-0.449,-18.388],[0.617,-4.463],[10.405,-5.539],[9.738,-1.264],[20.045,2.698],[13.231,11.898],[0.783,11.838],[-9.334,7.727],[-9.158,3.581],[-9.328,4.904],[3.087,13.059],[2.745,-0.069],[2.552,-0.588],[2.958,-1.163],[7.661,8.959],[2.949,15.874],[0.145,5.016],[12.428,-3.932]],"o":[[-6.873,-10.383],[1.709,2.473],[2.087,1.809],[0.398,3.058],[0.444,4.741],[0.437,4.765],[1.029,0.228],[9.688,3.633],[6.857,-1.343],[2.298,-4.167],[2.146,-4.361],[22.869,-4.221],[1.173,-14.358],[-0.95,-2.467],[-3.026,-6.808],[-14.253,-3.621],[3.651,-4.218],[0.607,1.625],[-5.009,9.728],[5.566,6.379],[8.138,8.359],[7.999,9.379],[-0.254,5.713],[-6.561,5.805],[-4.622,4.637],[-5.025,9.219],[11.386,10.565],[5.087,-0.998],[20.265,14.119],[-0.431,-0.204],[-2.344,-3.971],[-7.01,0.52],[-3.74,5.733],[0.431,3.14],[2.321,8.289],[0.107,4.384],[-1.669,12.078],[-8.78,4.674],[-20.095,2.609],[-17.331,-2.333],[-8.498,-7.642],[-0.819,-12.386],[7.681,-6.359],[9.833,-3.845],[12.013,-6.316],[-0.647,-2.738],[-2.631,0.067],[-3.091,0.712],[-11.97,4.705],[-10.609,-12.407],[-0.917,-4.936],[-0.292,-10.103],[-3.298,1.043]],"v":[[-109.683,-1.752],[-93.344,-36.673],[-88.075,-29.336],[-79.478,-25.17],[-78.166,-14.893],[-77.104,-0.646],[-69.35,8.193],[-66.339,9.211],[-51.649,26.797],[-36.358,15.795],[-29.93,3.037],[-19.532,-4.515],[19.599,-47.31],[14.592,-89.617],[11.366,-96.874],[-4.141,-109.183],[-13.356,-138.25],[0.459,-148.88],[1.358,-146.39],[5.066,-119.862],[22.746,-101.582],[47.03,-76.393],[58.006,-43.197],[51.775,-29.148],[32.093,-11.746],[19.914,3.767],[24.895,30.645],[64.855,41.158],[79.67,33.211],[111.412,109.858],[110.151,109.226],[99.889,101.861],[83.068,110.92],[80.255,129.38],[82.294,138.693],[87.949,164.073],[85.708,177.365],[61.126,202.621],[33.006,210.689],[-27.342,210.743],[-73.91,184.683],[-81.329,144.519],[-70.036,116.185],[-51.01,103.35],[-21.493,95.126],[-6.15,72.644],[-11.082,68.448],[-18.945,69.282],[-28.033,72.2],[-64.96,67.969],[-76.242,20.434],[-77.877,5.429],[-101.59,-9.988]],"c":true},"ix":2},"nm":"路径 1","mn":"ADBE Vector Shape - Group","hd":false},{"ty":"fl","c":{"a":0,"k":[1,0.117843031883,0.06541121006,1],"ix":4},"o":{"a":0,"k":100,"ix":5},"r":1,"bm":0,"nm":"填充 1","mn":"ADBE Vector Graphic - Fill","hd":false},{"ty":"tr","p":{"a":0,"k":[0,0],"ix":2},"a":{"a":0,"k":[0,0],"ix":1},"s":{"a":0,"k":[100,100],"ix":3},"r":{"a":0,"k":0,"ix":6},"o":{"a":0,"k":100,"ix":7},"sk":{"a":0,"k":0,"ix":4},"sa":{"a":0,"k":0,"ix":5},"nm":"变换"}],"nm":"组 1","np":2,"cix":2,"bm":0,"ix":1,"mn":"ADBE Vector Group","hd":false}],"ip":14,"op":16,"st":14,"bm":0},{"ddd":0,"ind":9,"ty":4,"nm":"O 7","sr":1,"ks":{"o":{"a":0,"k":100,"ix":11},"r":{"a":0,"k":0,"ix":10},"p":{"a":0,"k":[250,460.522,0],"ix":2},"a":{"a":0,"k":[0,212.707,0],"ix":1},"s":{"a":0,"k":[100,100,100],"ix":6}},"ao":0,"shapes":[{"ty":"gr","it":[{"ind":0,"ty":"sh","ix":1,"ks":{"a":0,"k":{"i":[[10.264,1.415],[6.612,-3.373],[0.573,3.54],[-10.185,5.812],[2.856,9.69],[-2.471,-5.375],[-2.066,-6],[-1.94,-4.614],[-7.196,0.434],[-1.986,0.608],[-14.689,15.021],[10.922,21.177],[5.997,7.696],[4.411,-6.997],[0.515,-0.665],[-16.987,3.512],[-26.436,-17.301],[8.803,-21.932],[3.28,0.303],[3.914,-11.982],[-5.846,-12.877],[-16.6,3.598],[-0.17,13.051],[-6.011,-6.4],[-2.239,-7.725],[0.907,-17.085],[1.37,0.959],[2.757,1.546],[2.101,-7.778],[-0.216,-0.484],[16.935,-14.211],[17.473,-3.246],[13.558,0.538],[17.213,15.012],[-9.877,19.778],[-6.671,13.245],[-0.554,4.1],[5.833,2.132],[4.61,1.17],[-3.713,9.146],[-2.229,7.309],[3.156,7.287]],"o":[[-1.074,6.629],[-0.862,-4.057],[-1.908,-11.778],[7.696,-4.392],[7.394,0.262],[2.64,5.742],[1.634,4.747],[2.753,6.545],[2.114,-0.128],[19.801,-6.061],[17.885,-18.289],[-4.453,-8.634],[-5.07,-6.507],[-0.41,0.65],[-6.196,-19.884],[-1.769,30.88],[17.313,11.33],[-3.154,-0.647],[-18.02,-1.666],[-4.348,13.313],[5.959,13.125],[12.32,-2.671],[9.054,-0.585],[5.574,5.935],[4.456,15.374],[-2.163,-1.425],[-2.604,-1.824],[-7.079,-3.969],[-2.775,10.273],[8.909,19.942],[-13.828,11.604],[-13.38,2.486],[-22.344,-0.886],[-15.2,-13.256],[6.626,-13.267],[1.87,-3.712],[0.834,-6.178],[-4.438,-1.622],[-9.552,-2.424],[2.881,-7.098],[2.313,-7.583],[-3.78,-8.727]],"v":[[-100.259,-1.808],[-109.683,13.622],[-112.01,2.538],[-103.137,-16.784],[-93.802,-36.459],[-79.936,-26.675],[-73.481,-8.777],[-68.678,5.493],[-53.546,14.781],[-47.234,14.13],[5.04,-16.359],[14.569,-81.011],[-1.768,-105.345],[-13.481,-104.302],[-14.931,-102.41],[7.679,-150.498],[42.848,-77.279],[58.759,-22.081],[49.107,-24.008],[16.509,-0.037],[18.771,39.544],[55.968,57.229],[73.918,34.239],[96.165,43.685],[107.19,64.573],[112.648,112.679],[107.695,109.406],[99.9,103.921],[86.15,109.575],[84.323,137.79],[77.509,189.026],[29.965,209.634],[-10.411,212.565],[-63.281,190.396],[-82.935,123.48],[-61.891,97.511],[-57.549,87.537],[-64.709,75.802],[-78.543,72.355],[-85.975,57.417],[-77.78,35.952],[-79.632,13.404]],"c":true},"ix":2},"nm":"路径 1","mn":"ADBE Vector Shape - Group","hd":false},{"ty":"fl","c":{"a":0,"k":[1,0.117843031883,0.06541121006,1],"ix":4},"o":{"a":0,"k":100,"ix":5},"r":1,"bm":0,"nm":"填充 1","mn":"ADBE Vector Graphic - Fill","hd":false},{"ty":"tr","p":{"a":0,"k":[0,0],"ix":2},"a":{"a":0,"k":[0,0],"ix":1},"s":{"a":0,"k":[100,100],"ix":3},"r":{"a":0,"k":0,"ix":6},"o":{"a":0,"k":100,"ix":7},"sk":{"a":0,"k":0,"ix":4},"sa":{"a":0,"k":0,"ix":5},"nm":"变换"}],"nm":"组 1","np":2,"cix":2,"bm":0,"ix":1,"mn":"ADBE Vector Group","hd":false}],"ip":12,"op":14,"st":12,"bm":0},{"ddd":0,"ind":10,"ty":4,"nm":"O 6","sr":1,"ks":{"o":{"a":0,"k":100,"ix":11},"r":{"a":0,"k":0,"ix":10},"p":{"a":0,"k":[250,460.522,0],"ix":2},"a":{"a":0,"k":[0,212.707,0],"ix":1},"s":{"a":0,"k":[100,100,100],"ix":6}},"ao":0,"shapes":[{"ty":"gr","it":[{"ind":0,"ty":"sh","ix":1,"ks":{"a":0,"k":{"i":[[7.465,9.627],[13.051,-2.167],[5.527,9.054],[-9.935,8.408],[-1.602,1.749],[1.483,9.795],[-1.558,-6.739],[-0.53,-4.202],[-1.344,-3.639],[-7.132,3.294],[-2.933,5.471],[-5.713,4.132],[-9.143,-1.152],[-3.251,7.788],[0.585,12.606],[7.757,2.248],[3.482,-7.015],[-36.422,12.939],[-0.827,-6.15],[-12.061,-10.784],[-3.49,-14.059],[3.605,-12.986],[2.575,0.042],[3.175,-0.117],[3.385,-11.432],[-0.701,-10.085],[-9.01,-3.429],[-6.472,0.08],[-0.975,9.183],[-0.094,1.227],[-5.194,-21.663],[4.68,-15.084],[0.317,0.544],[5.602,-6.909],[0.483,-3.749],[1.556,-11.01],[19.832,-7.006],[18.336,1.175],[14.397,12.451],[1.591,2.425],[4.868,7.587],[-4.972,14.353],[-2.648,4.836],[2.48,9]],"o":[[-6.172,8.665],[7.586,-11.351],[-6.753,-11.063],[1.821,-1.541],[6.594,-7.2],[7.248,0.955],[0.946,4.092],[0.495,3.92],[2.721,7.367],[5.8,-2.679],[3.313,-6.18],[7.633,-5.52],[9.567,1.206],[4.894,-11.724],[-0.376,-8.107],[-4.91,-1.423],[-14.729,-24.458],[0.64,6.258],[2.129,15.826],[10.329,9.235],[2.943,11.855],[-2.686,0],[-3.183,-0.052],[-11.902,0.44],[-2.89,9.762],[0.707,10.168],[6.027,2.294],[9.18,-0.114],[0.136,-1.28],[21.683,-1.406],[3.73,15.557],[-0.807,-0.467],[-4.529,-7.758],[-2.338,2.883],[-1.422,11.034],[-2.95,20.88],[-17.563,6.204],[-19.074,-1.222],[-2.122,-1.835],[-4.946,-7.538],[-8.315,-12.959],[1.811,-5.229],[4.651,-8.492],[-3.01,-10.924]],"v":[[-87.32,48.183],[-111.086,68.308],[-112.673,39.004],[-108.012,12.748],[-102.663,8],[-96.117,-13.847],[-82.974,-2.035],[-81.637,10.592],[-79.654,22.259],[-63.565,28.548],[-50.951,15.72],[-37.757,0.019],[-12.253,-6.951],[5,-18.247],[11.358,-54.77],[-5.875,-75.974],[-16.314,-69.019],[10.788,-139.596],[12.724,-120.99],[33.76,-81.16],[56.926,-47.611],[58.35,-10.837],[50.513,-10.846],[40.966,-11.07],[17.709,7.034],[15.414,36.829],[30.379,57.482],[49.748,60.744],[66.196,44.467],[66.493,40.672],[115.127,77.636],[111.202,123.223],[109.18,122.006],[90.767,119.927],[86.506,130.706],[83.243,163.937],[48.419,205.256],[-5.619,212.397],[-55.687,190.536],[-60.663,183.427],[-75.435,160.773],[-79.859,119.637],[-73.417,104.318],[-71.041,78.155]],"c":true},"ix":2},"nm":"路径 1","mn":"ADBE Vector Shape - Group","hd":false},{"ty":"fl","c":{"a":0,"k":[1,0.117843031883,0.06541121006,1],"ix":4},"o":{"a":0,"k":100,"ix":5},"r":1,"bm":0,"nm":"填充 1","mn":"ADBE Vector Graphic - Fill","hd":false},{"ty":"tr","p":{"a":0,"k":[0,0],"ix":2},"a":{"a":0,"k":[0,0],"ix":1},"s":{"a":0,"k":[100,100],"ix":3},"r":{"a":0,"k":0,"ix":6},"o":{"a":0,"k":100,"ix":7},"sk":{"a":0,"k":0,"ix":4},"sa":{"a":0,"k":0,"ix":5},"nm":"变换"}],"nm":"组 1","np":2,"cix":2,"bm":0,"ix":1,"mn":"ADBE Vector Group","hd":false}],"ip":10,"op":12,"st":10,"bm":0},{"ddd":0,"ind":11,"ty":4,"nm":"O 5","sr":1,"ks":{"o":{"a":0,"k":100,"ix":11},"r":{"a":0,"k":0,"ix":10},"p":{"a":0,"k":[250,460.522,0],"ix":2},"a":{"a":0,"k":[0,212.707,0],"ix":1},"s":{"a":0,"k":[100,100,100],"ix":6}},"ao":0,"shapes":[{"ty":"gr","it":[{"ind":0,"ty":"sh","ix":1,"ks":{"a":0,"k":{"i":[[0.619,-0.877],[0.785,0.861],[-0.941,17.392],[-10.554,13.685],[-2.541,2.305],[4.948,9.86],[-0.962,-0.79],[-1.019,-7.499],[0.143,-4.989],[-8.306,3.273],[-16.708,7.362],[-5.991,7.346],[5.982,12.956],[4.328,7.279],[3.421,-2.311],[-31.102,17.347],[0.763,-4.461],[-0.219,-4.437],[-6.883,-3.512],[-7.911,-6.517],[0.332,-16.292],[0.919,-7.625],[6.49,0.859],[1.189,-0.402],[6.688,-7.85],[-15.484,-8.829],[-5.921,-0.997],[-4.249,0.118],[-1.674,7.083],[-0.721,4.056],[-5.425,-11.137],[7.132,-28.218],[1.072,2.311],[4.897,0.153],[1.644,-3.646],[1.174,-4.062],[30.231,-5.185],[15.943,4.857],[8.375,21.178],[1.846,15.278],[1.653,10.734],[0.662,2.008],[3.483,-0.22],[0.429,-3.529],[-1.591,-8.938]],"o":[[-0.985,-0.668],[-11.678,-12.81],[0.932,-17.222],[2.097,-2.719],[7.358,-6.674],[1.977,0.677],[6.094,5.001],[0.67,4.926],[-0.256,8.933],[16.988,-6.695],[8.539,-3.763],[9.064,-11.115],[-3.514,-7.61],[-4.127,2.788],[-15.46,-32.221],[-1.293,5.143],[-0.754,4.409],[0.346,7.01],[9.122,4.654],[12.612,10.389],[-0.156,7.677],[-0.754,6.254],[-1.234,-0.163],[-9.73,3.292],[-11.648,13.672],[5.053,2.882],[4.137,0.696],[7.275,-0.202],[0.789,-3.339],[11.828,4.918],[12.573,25.811],[-1.021,-2.335],[-1.87,-4.029],[-4.833,-0.151],[-1.738,3.855],[-8.803,30.456],[-16.417,2.816],[-22.084,-6.728],[-5.725,-14.476],[-1.303,-10.779],[-0.32,-2.075],[-1.01,-3.065],[-3.777,0.239],[-1.047,8.618],[0.061,0.343]],"v":[[-98.572,110.637],[-101.513,108.599],[-117.144,63.424],[-100.881,16.926],[-93.902,9.31],[-91.334,-7.653],[-86.884,-6.064],[-77.05,13.344],[-76.574,28.322],[-64.949,37.097],[-14.343,16.117],[7.698,-0.601],[12.763,-37.052],[-0.034,-58.885],[-10.863,-51.569],[15.594,-125.98],[12.164,-112.019],[10.984,-98.633],[21.395,-83.261],[47.182,-66.298],[65.078,-25.471],[63.407,-2.472],[54.063,4.039],[50.257,4.475],[25.229,20.789],[32.656,67.427],[50.057,72.05],[62.791,72.199],[76.348,61.186],[78.305,50.371],[105.458,73.673],[113.284,154.935],[110.211,147.936],[100.906,140.32],[92.395,147.561],[87.977,159.478],[27.64,210.97],[-21.224,208.475],[-65.774,165.143],[-75.276,120.191],[-79.979,87.951],[-81.698,81.845],[-88.121,77.037],[-94.377,83.079],[-97.427,108.959]],"c":true},"ix":2},"nm":"路径 1","mn":"ADBE Vector Shape - Group","hd":false},{"ty":"fl","c":{"a":0,"k":[1,0.117843031883,0.06541121006,1],"ix":4},"o":{"a":0,"k":100,"ix":5},"r":1,"bm":0,"nm":"填充 1","mn":"ADBE Vector Graphic - Fill","hd":false},{"ty":"tr","p":{"a":0,"k":[0,0],"ix":2},"a":{"a":0,"k":[0,0],"ix":1},"s":{"a":0,"k":[100,100],"ix":3},"r":{"a":0,"k":0,"ix":6},"o":{"a":0,"k":100,"ix":7},"sk":{"a":0,"k":0,"ix":4},"sa":{"a":0,"k":0,"ix":5},"nm":"变换"}],"nm":"组 1","np":2,"cix":2,"bm":0,"ix":1,"mn":"ADBE Vector Group","hd":false}],"ip":8,"op":10,"st":8,"bm":0},{"ddd":0,"ind":12,"ty":4,"nm":"O 4","sr":1,"ks":{"o":{"a":0,"k":100,"ix":11},"r":{"a":0,"k":0,"ix":10},"p":{"a":0,"k":[250,460.522,0],"ix":2},"a":{"a":0,"k":[0,212.707,0],"ix":1},"s":{"a":0,"k":[100,100,100],"ix":6}},"ao":0,"shapes":[{"ty":"gr","it":[{"ind":0,"ty":"sh","ix":1,"ks":{"a":0,"k":{"i":[[18.594,7.071],[-1.945,-6.831],[3.16,20.507],[-19.352,14.254],[-0.744,6.864],[0.769,-4.808],[-6.787,1.007],[-2.822,1.784],[-19.491,12.815],[-2.959,3.362],[11.217,4.681],[2.05,0.434],[3.368,10.42],[-21.628,15.527],[-6.246,0.695],[1.661,-5.747],[-6.865,-9.378],[-8.704,-5.635],[-2.008,-7.188],[-2.42,-7.268],[-0.524,-3.106],[6.875,-0.987],[4.225,-0.186],[1.17,-1.37],[-2.514,-18.498],[-11.216,-2.886],[-10.5,8.401],[-2.363,3.77],[-8.13,-7.861],[-3.974,-8.602],[2.348,-9.966],[6.602,-8.747],[1.208,1.703],[5.246,-6.112],[0.88,-3.446],[12.408,-7.206],[12.516,-1.388],[15.4,2.935],[-4.363,39.369]],"o":[[2.157,7.573],[-19.632,-9.525],[-3.8,-24.659],[4.635,-3.414],[4.555,2.926],[-1.068,6.679],[3.327,-0.493],[19.718,-12.463],[3.717,-2.444],[8.031,-9.125],[-1.904,-0.795],[-10.418,-2.207],[-8.122,-25.127],[4.348,-3.122],[-1.774,6.409],[-3.417,11.823],[6.205,8.477],[6.518,4.22],[2.058,7.366],[1.001,3.006],[1.152,6.824],[-4.142,0.594],[-2.203,0.097],[-11.539,13.517],[1.505,11.073],[13.039,3.355],[3.247,-2.598],[4.579,9.799],[6.72,6.497],[4.26,9.22],[-2.464,10.458],[-1.307,-2.184],[-4.627,-6.525],[-2.355,2.744],[-3.67,14.373],[-10.9,6.331],[-15.276,1.694],[-11.731,-2.236],[1.568,-14.148]],"v":[[-91.652,113.937],[-85.794,134.506],[-119.13,88.9],[-92.849,31.514],[-82.192,18.498],[-77.38,29.679],[-68.098,38.749],[-58.443,35.364],[0.389,-2.528],[10.365,-11.611],[5.251,-33.333],[-0.864,-34.751],[-21.806,-53.119],[-1.6,-114.561],[13.054,-122.259],[8.075,-104.321],[15.399,-73.008],[38.298,-52.234],[50.077,-35.055],[57.401,-13.278],[60.018,-4.141],[51.122,8.374],[38.436,8.387],[32.014,9.942],[14.962,57.037],[33.682,79.462],[69.588,71.65],[76.771,60.593],[98.703,85.136],[115.649,107.058],[118.684,135.751],[105.148,164.372],[101.671,158.609],[84.242,157.592],[78.841,167.169],[53.643,198.482],[18.551,210.483],[-27.428,211.197],[-70.137,149.317]],"c":true},"ix":2},"nm":"路径 1","mn":"ADBE Vector Shape - Group","hd":false},{"ty":"fl","c":{"a":0,"k":[1,0.117843031883,0.06541121006,1],"ix":4},"o":{"a":0,"k":100,"ix":5},"r":1,"bm":0,"nm":"填充 1","mn":"ADBE Vector Graphic - Fill","hd":false},{"ty":"tr","p":{"a":0,"k":[0,0],"ix":2},"a":{"a":0,"k":[0,0],"ix":1},"s":{"a":0,"k":[100,100],"ix":3},"r":{"a":0,"k":0,"ix":6},"o":{"a":0,"k":100,"ix":7},"sk":{"a":0,"k":0,"ix":4},"sa":{"a":0,"k":0,"ix":5},"nm":"变换"}],"nm":"组 1","np":2,"cix":2,"bm":0,"ix":1,"mn":"ADBE Vector Group","hd":false}],"ip":6,"op":8,"st":6,"bm":0},{"ddd":0,"ind":13,"ty":4,"nm":"O 3","sr":1,"ks":{"o":{"a":0,"k":100,"ix":11},"r":{"a":0,"k":0,"ix":10},"p":{"a":0,"k":[250,460.522,0],"ix":2},"a":{"a":0,"k":[0,212.707,0],"ix":1},"s":{"a":0,"k":[100,100,100],"ix":6}},"ao":0,"shapes":[{"ty":"gr","it":[{"ind":0,"ty":"sh","ix":1,"ks":{"a":0,"k":{"i":[[0,-2.56],[1.372,20.166],[-6.583,15.213],[-5.698,4.273],[-8.111,3.34],[-7.086,4.108],[-5.42,3.813],[-9.771,3.061],[-1.598,0.918],[4.896,7.736],[3.075,3.63],[8.512,-3.485],[1.207,-0.091],[-8.095,19.421],[-16.849,4.311],[-0.55,0],[0.41,-8.327],[-12.186,-13.705],[-5.761,-5.863],[1.457,-12.317],[8.219,-3.583],[4.888,-2.652],[0.442,-9.727],[-19.597,-1.516],[-6.337,15.643],[-1.298,-11.192],[-6.999,-9.977],[5.632,-14.395],[4.625,-1.382],[0.267,0.402],[6.742,-7.99],[0.506,-0.923],[18.233,-4.311],[11.539,-0.5],[11.318,25.91],[2.884,8.789],[0.958,2.139],[1.102,-0.038],[0.353,-1.218]],"o":[[-16.121,-10.793],[-1.118,-16.43],[2.763,-6.384],[5.081,6.624],[7.55,-3.109],[5.722,-3.318],[8.241,-5.798],[1.756,-0.55],[7.954,-4.57],[-2.543,-4.019],[-5.749,-6.787],[-0.674,0.276],[-4.723,-20.01],[6.873,-16.49],[0.943,-0.241],[-0.911,8.647],[-0.903,18.351],[5.462,6.143],[8.829,8.985],[-1.004,8.486],[-5.085,2.217],[-8.451,4.585],[-1.016,22.352],[17.142,1.326],[8.379,8.162],[1.38,11.899],[8.861,12.631],[-1.672,4.273],[-0.452,-0.315],[-5.797,-8.726],[-0.682,0.808],[-9.3,16.958],[-11.281,2.667],[-28.728,1.244],[-3.689,-8.444],[-0.74,-2.256],[-0.527,-1.177],[-1.024,0.035],[-0.492,1.695]],"v":[[-80.335,147.346],[-109.374,103.784],[-102.863,56.295],[-90.739,39.85],[-72.843,44.917],[-51.016,33.619],[-34.477,22.589],[-8.248,7.944],[-3.178,5.682],[1.124,-11.151],[-7.366,-22.654],[-28.733,-28.17],[-31.454,-27.935],[-29.359,-87.121],[7.391,-117.041],[9.942,-117.072],[7.361,-91.813],[24.63,-43.682],[41.454,-25.643],[52.082,6.396],[39.035,24.898],[24.244,32.609],[11.563,53.952],[43.439,87.247],[75.334,64.427],[90.176,93.39],[102.626,125.392],[105.886,167.236],[96.091,175.968],[94.809,175.046],[75.193,173.869],[73.332,176.446],[30.879,207.245],[-3.54,212.631],[-63.287,173.911],[-72.213,147.648],[-74.074,140.775],[-77.359,138.223],[-80.211,141.146]],"c":true},"ix":2},"nm":"路径 1","mn":"ADBE Vector Shape - Group","hd":false},{"ty":"fl","c":{"a":0,"k":[1,0.117843031883,0.06541121006,1],"ix":4},"o":{"a":0,"k":100,"ix":5},"r":1,"bm":0,"nm":"填充 1","mn":"ADBE Vector Graphic - Fill","hd":false},{"ty":"tr","p":{"a":0,"k":[0,0],"ix":2},"a":{"a":0,"k":[0,0],"ix":1},"s":{"a":0,"k":[100,100],"ix":3},"r":{"a":0,"k":0,"ix":6},"o":{"a":0,"k":100,"ix":7},"sk":{"a":0,"k":0,"ix":4},"sa":{"a":0,"k":0,"ix":5},"nm":"变换"}],"nm":"组 1","np":2,"cix":2,"bm":0,"ix":1,"mn":"ADBE Vector Group","hd":false}],"ip":4,"op":6,"st":4,"bm":0},{"ddd":0,"ind":14,"ty":4,"nm":"O 2","sr":1,"ks":{"o":{"a":0,"k":100,"ix":11},"r":{"a":0,"k":0,"ix":10},"p":{"a":0,"k":[250,460.522,0],"ix":2},"a":{"a":0,"k":[0,212.707,0],"ix":1},"s":{"a":0,"k":[100,100,100],"ix":6}},"ao":0,"shapes":[{"ty":"gr","it":[{"ind":0,"ty":"sh","ix":1,"ks":{"a":0,"k":{"i":[[2.714,0.836],[1.295,-3.115],[5.618,12.035],[-5.596,14.766],[-6.098,11.772],[-2.944,-2.438],[-0.275,1.009],[-17.805,9.505],[-8.151,2.233],[-0.448,2.971],[1.624,5.782],[8.217,-1.881],[1.867,1.332],[0.504,2.245],[-10.252,17.538],[-16.144,6.819],[0.978,-1.273],[-12.099,-19.215],[-6.992,-5.792],[-4.416,-3.82],[3.553,-15.849],[3.605,-0.863],[5.253,-7.639],[-10.206,-11.061],[-10.914,1.42],[-1.79,10.991],[-5.263,-7.821],[0.125,-13.677],[14.613,-13.34],[2.503,-1.038],[1.417,3.62],[1.354,-0.64],[1.865,-2.542],[12.188,-2.444],[17.069,5.415],[8.039,24.866]],"o":[[-2.925,2.304],[-12.677,-5.563],[-6.535,-13.999],[4.658,-12.291],[4.171,1.948],[1.423,0.03],[5.45,-20.021],[7.532,-4.021],[2.564,-0.702],[0.875,-5.803],[-2.284,-8.134],[-1.725,0.395],[-2.083,-1.487],[-4.422,-19.687],[8.491,-14.525],[-0.869,1.357],[-13.616,17.724],[4.872,7.738],[4.497,3.725],[12.531,10.84],[-0.839,3.745],[-8.72,2.087],[-9.118,13.261],[7.757,8.406],[9.727,-1.266],[9.52,2.367],[7.898,11.736],[-0.169,18.465],[-1.971,1.799],[-2.207,0.915],[-0.728,-1.86],[-2.95,1.395],[-7.663,10.446],[-17.39,3.487],[-25.19,-7.991],[-0.519,-1.606]],"v":[[-71.504,153.493],[-73.54,162.506],[-100.018,135.102],[-102.035,91.977],[-86.137,55.887],[-76.822,63.776],[-74.573,61.9],[-37.994,19.12],[-14.225,10.428],[-9.785,5.987],[-9.624,-11.326],[-24.436,-20.18],[-29.594,-19.228],[-32.502,-25.573],[-24.262,-81.54],[11.975,-114.104],[9.355,-110.045],[6.957,-49.971],[25.047,-29.999],[38.469,-18.739],[50.762,21.535],[44.631,27.528],[23.133,41.485],[28.6,84.699],[56.728,94.266],[71.689,78.365],[93.305,94.376],[105.647,133.254],[86.138,182.856],[79.628,187.363],[73.969,186.065],[69.752,185.75],[62.691,192.097],[32.031,210.318],[-19.908,208.331],[-69.02,158.184]],"c":true},"ix":2},"nm":"路径 1","mn":"ADBE Vector Shape - Group","hd":false},{"ty":"fl","c":{"a":0,"k":[1,0.117843031883,0.06541121006,1],"ix":4},"o":{"a":0,"k":100,"ix":5},"r":1,"bm":0,"nm":"填充 1","mn":"ADBE Vector Graphic - Fill","hd":false},{"ty":"tr","p":{"a":0,"k":[0,0],"ix":2},"a":{"a":0,"k":[0,0],"ix":1},"s":{"a":0,"k":[100,100],"ix":3},"r":{"a":0,"k":0,"ix":6},"o":{"a":0,"k":100,"ix":7},"sk":{"a":0,"k":0,"ix":4},"sa":{"a":0,"k":0,"ix":5},"nm":"变换"}],"nm":"组 1","np":2,"cix":2,"bm":0,"ix":1,"mn":"ADBE Vector Group","hd":false}],"ip":2,"op":4,"st":2,"bm":0},{"ddd":0,"ind":15,"ty":4,"nm":"O","sr":1,"ks":{"o":{"a":0,"k":100,"ix":11},"r":{"a":0,"k":0,"ix":10},"p":{"a":0,"k":[250,460.522,0],"ix":2},"a":{"a":0,"k":[0,212.707,0],"ix":1},"s":{"a":0,"k":[100,100,100],"ix":6}},"ao":0,"shapes":[{"ty":"gr","it":[{"ind":0,"ty":"sh","ix":1,"ks":{"a":0,"k":{"i":[[-5.491,-5.842],[3.075,3.058]],"o":[[-4.894,1.473],[5.393,-2.245]],"v":[[26.925,-153.877],[15.718,-157.575]],"c":true},"ix":2},"nm":"路径 1","mn":"ADBE Vector Shape - Group","hd":false},{"ty":"fl","c":{"a":0,"k":[1,0.117843031883,0.06541121006,1],"ix":4},"o":{"a":0,"k":100,"ix":5},"r":1,"bm":0,"nm":"填充 1","mn":"ADBE Vector Graphic - Fill","hd":false},{"ty":"tr","p":{"a":0,"k":[0,0],"ix":2},"a":{"a":0,"k":[0,0],"ix":1},"s":{"a":0,"k":[100,100],"ix":3},"r":{"a":0,"k":0,"ix":6},"o":{"a":0,"k":100,"ix":7},"sk":{"a":0,"k":0,"ix":4},"sa":{"a":0,"k":0,"ix":5},"nm":"变换"}],"nm":"组 1","np":2,"cix":2,"bm":0,"ix":1,"mn":"ADBE Vector Group","hd":false},{"ty":"gr","it":[{"ind":0,"ty":"sh","ix":1,"ks":{"a":0,"k":{"i":[[-4.146,-4.677],[3.578,3.908]],"o":[[-5.245,0.504],[4.873,-2.261]],"v":[[81.472,-35.051],[68.753,-37.987]],"c":true},"ix":2},"nm":"路径 1","mn":"ADBE Vector Shape - Group","hd":false},{"ty":"fl","c":{"a":0,"k":[1,0.117843031883,0.06541121006,1],"ix":4},"o":{"a":0,"k":100,"ix":5},"r":1,"bm":0,"nm":"填充 1","mn":"ADBE Vector Graphic - Fill","hd":false},{"ty":"tr","p":{"a":0,"k":[0,0],"ix":2},"a":{"a":0,"k":[0,0],"ix":1},"s":{"a":0,"k":[100,100],"ix":3},"r":{"a":0,"k":0,"ix":6},"o":{"a":0,"k":100,"ix":7},"sk":{"a":0,"k":0,"ix":4},"sa":{"a":0,"k":0,"ix":5},"nm":"变换"}],"nm":"组 2","np":2,"cix":2,"bm":0,"ix":2,"mn":"ADBE Vector Group","hd":false},{"ty":"gr","it":[{"ind":0,"ty":"sh","ix":1,"ks":{"a":0,"k":{"i":[[-3.132,-3.682],[-22.265,8.09],[-3.075,3.793],[8.664,5.66],[-4.768,18.717],[-16.053,7.671],[-7.418,3.343],[2.45,-4.132],[-0.185,-12.237],[-10.398,-3.251],[1.21,-24.96],[2.891,-0.495],[2.053,-17.425],[-15.783,-6.91],[-8.663,9.267],[-3.898,-2.798],[13.641,-29.497],[25.584,-5.028],[27.389,10.932],[-2.028,35.312],[-7.926,19.315]],"o":[[9.36,-22.322],[4.544,-1.651],[6.698,-8.262],[-18.885,-12.336],[4.389,-17.229],[7.144,-3.414],[-2.651,4.012],[-5.971,10.071],[0.164,10.873],[30.793,9.629],[-0.181,3.726],[-17.141,2.936],[-2.172,18.437],[9.901,4.335],[3.576,-3.825],[26.518,19.035],[-12.153,26.278],[-28.899,5.68],[-32.726,-13.062],[1.194,-20.8],[5.267,1.669]],"v":[[-77.157,75.242],[-28.917,30.617],[-17.629,22.096],[-19.046,0.942],[-32.626,-46.663],[-2.969,-84.849],[15.687,-98.28],[7.768,-86.224],[-3.624,-53.669],[10.636,-34.571],[49.224,27.747],[44.227,32.213],[15.749,62.6],[36.175,100.638],[64.896,93.597],[74.534,92.809],[93.358,168.262],[33.28,209.878],[-51.844,201.685],[-100.285,124.411],[-85.619,64.447]],"c":true},"ix":2},"nm":"路径 1","mn":"ADBE Vector Shape - Group","hd":false},{"ty":"fl","c":{"a":0,"k":[1,0.117843031883,0.06541121006,1],"ix":4},"o":{"a":0,"k":100,"ix":5},"r":1,"bm":0,"nm":"填充 1","mn":"ADBE Vector Graphic - Fill","hd":false},{"ty":"tr","p":{"a":0,"k":[0,0],"ix":2},"a":{"a":0,"k":[0,0],"ix":1},"s":{"a":0,"k":[100,100],"ix":3},"r":{"a":0,"k":0,"ix":6},"o":{"a":0,"k":100,"ix":7},"sk":{"a":0,"k":0,"ix":4},"sa":{"a":0,"k":0,"ix":5},"nm":"变换"}],"nm":"组 3","np":2,"cix":2,"bm":0,"ix":3,"mn":"ADBE Vector Group","hd":false}],"ip":0,"op":2,"st":0,"bm":0}],"markers":[]}